﻿Epics,Name,Progress,DWH Task
1,Requirement Analysis,1,Analyse & Understand the requirements (https://www.notion.so/Analyse-Understand-the-requirements-23cd4edfa0a68046bce9fb202a15e0c2?pvs=21)
2,Design Data Architecture,1,"Choose Data management approach (https://www.notion.so/Choose-Data-management-approach-23cd4edfa0a6808fa4c9e3fe8eca560d?pvs=21), Brainstorm & Design the layers (https://www.notion.so/Brainstorm-Design-the-layers-23cd4edfa0a680cfb60fd2769bdde3cc?pvs=21), Design the Layers (https://www.notion.so/Design-the-Layers-23cd4edfa0a6806987c5d78cde117ce6?pvs=21)"
3,Project Initialization,1,"Create GIT Repo & Prepare the strucure (https://www.notion.so/Create-GIT-Repo-Prepare-the-strucure-23cd4edfa0a6804393e2e17f38d6f554?pvs=21), Create DB & Schemas (https://www.notion.so/Create-DB-Schemas-23cd4edfa0a68031b654ff1631b96507?pvs=21), Define Project Naming Conventions (https://www.notion.so/Define-Project-Naming-Conventions-23cd4edfa0a680e4a1a5d1f98786cc40?pvs=21), Create Detailed Project Tasks (notions) (https://www.notion.so/Create-Detailed-Project-Tasks-notions-23cd4edfa0a680e38052df8fa8a1c4b1?pvs=21)"
4,Build Bronze Layer,1,"Analyzing: Source Systems (https://www.notion.so/Analyzing-Source-Systems-23cd4edfa0a68038bf3fd4f8cb616193?pvs=21), Coding: Data Ingestion (https://www.notion.so/Coding-Data-Ingestion-23cd4edfa0a6804e80e1fb012d659405?pvs=21), Validating: data Completeness & Schema Checks (https://www.notion.so/Validating-data-Completeness-Schema-Checks-23cd4edfa0a68046ab5bc210c6e91b66?pvs=21), Document: Draw data flow (Draw.io (https://www.notion.so/Document-Draw-data-flow-Draw-io-23cd4edfa0a680cfb736ccc5af8052ff?pvs=21), Commit Code in Git Repo (https://www.notion.so/Commit-Code-in-Git-Repo-23cd4edfa0a6803b872dfce95d1d36a6?pvs=21)"
5,Build Silver Layer,1,"Analyzing: Explore & Understand Data (https://www.notion.so/Analyzing-Explore-Understand-Data-23cd4edfa0a680b5bd38f40de466733d?pvs=21), Coding: Data Cleaning (https://www.notion.so/Coding-Data-Cleaning-23cd4edfa0a680119afcdc890bf84622?pvs=21), Validating: Data Correctness Checks (https://www.notion.so/Validating-Data-Correctness-Checks-23cd4edfa0a6806a970cfd563f44fe7d?pvs=21), Documenting & versioning in GIT (https://www.notion.so/Documenting-versioning-in-GIT-23cd4edfa0a680b3a57bde2d3e2ce07e?pvs=21), Commit Code in Git Repo (https://www.notion.so/Commit-Code-in-Git-Repo-23cd4edfa0a68013a05ada35ac57dc21?pvs=21)"
6,Build Gold Layer,1,"Analyzing: Explore Business Objects (https://www.notion.so/Analyzing-Explore-Business-Objects-23cd4edfa0a680c3a5a6f4f3a25ec67f?pvs=21), Coding: Data integratrion (https://www.notion.so/Coding-Data-integratrion-23cd4edfa0a680c3a1eaf4e583931ad2?pvs=21), Validating: data model integration checks (https://www.notion.so/Validating-data-model-integration-checks-23cd4edfa0a6801a989cd8aeab95c87a?pvs=21), Document: Draw Data model of star schema (Draw.io) (https://www.notion.so/Document-Draw-Data-model-of-star-schema-Draw-io-23cd4edfa0a6802ba78fc8ca134a82c9?pvs=21), Document: Create Data Catalo (https://www.notion.so/Document-Create-Data-Catalo-23cd4edfa0a680048bddfadab79b6823?pvs=21), Document: extend Data flow (Draw.io) (https://www.notion.so/Document-extend-Data-flow-Draw-io-23dd4edfa0a680f78278c849627e0daf?pvs=21), Commit Code in GIT repo (https://www.notion.so/Commit-Code-in-GIT-repo-23dd4edfa0a6808ea1e7df35344b62d0?pvs=21)"