﻿DWH Epics,Task,Checkbox
Design Data Architecture (https://www.notion.so/Design-Data-Architecture-23cd4edfa0a680f78d4bc7c913c02598?pvs=21),Design the Layers,Yes
Design Data Architecture (https://www.notion.so/Design-Data-Architecture-23cd4edfa0a680f78d4bc7c913c02598?pvs=21),Choose Data management approach,Yes
Design Data Architecture (https://www.notion.so/Design-Data-Architecture-23cd4edfa0a680f78d4bc7c913c02598?pvs=21),Brainstorm & Design the layers,Yes
Project Initialization (https://www.notion.so/Project-Initialization-23cd4edfa0a6807d994dfdbe5c7d569a?pvs=21),Create GIT Repo & Prepare the strucure,Yes
Project Initialization (https://www.notion.so/Project-Initialization-23cd4edfa0a6807d994dfdbe5c7d569a?pvs=21),Create DB & Schemas,Yes
Project Initialization (https://www.notion.so/Project-Initialization-23cd4edfa0a6807d994dfdbe5c7d569a?pvs=21),Define Project Naming Conventions,Yes
Project Initialization (https://www.notion.so/Project-Initialization-23cd4edfa0a6807d994dfdbe5c7d569a?pvs=21),Create Detailed Project Tasks (notions),Yes
Requirement Analysis (https://www.notion.so/Requirement-Analysis-23cd4edfa0a6802c8e71e438093e9aba?pvs=21),Analyse & Understand the requirements,Yes
Build Silver Layer (https://www.notion.so/Build-Silver-Layer-23cd4edfa0a680c8a6b2f5e9da7ee55d?pvs=21),Analyzing: Explore & Understand Data,Yes
Build Silver Layer (https://www.notion.so/Build-Silver-Layer-23cd4edfa0a680c8a6b2f5e9da7ee55d?pvs=21),Coding: Data Cleaning,Yes
Build Silver Layer (https://www.notion.so/Build-Silver-Layer-23cd4edfa0a680c8a6b2f5e9da7ee55d?pvs=21),Validating: Data Correctness Checks,Yes
Build Silver Layer (https://www.notion.so/Build-Silver-Layer-23cd4edfa0a680c8a6b2f5e9da7ee55d?pvs=21),Documenting & versioning in GIT,Yes
Build Silver Layer (https://www.notion.so/Build-Silver-Layer-23cd4edfa0a680c8a6b2f5e9da7ee55d?pvs=21),Commit Code in Git Repo,Yes
Build Bronze Layer (https://www.notion.so/Build-Bronze-Layer-23cd4edfa0a680e7a943ff15ff0cbe23?pvs=21),Analyzing: Source Systems,Yes
Build Bronze Layer (https://www.notion.so/Build-Bronze-Layer-23cd4edfa0a680e7a943ff15ff0cbe23?pvs=21),Coding: Data Ingestion,Yes
Build Bronze Layer (https://www.notion.so/Build-Bronze-Layer-23cd4edfa0a680e7a943ff15ff0cbe23?pvs=21),Validating: data Completeness & Schema Checks,Yes
Build Bronze Layer (https://www.notion.so/Build-Bronze-Layer-23cd4edfa0a680e7a943ff15ff0cbe23?pvs=21),Document: Draw data flow (Draw.io,Yes
Build Bronze Layer (https://www.notion.so/Build-Bronze-Layer-23cd4edfa0a680e7a943ff15ff0cbe23?pvs=21),Commit Code in Git Repo,Yes
Build Gold Layer (https://www.notion.so/Build-Gold-Layer-23cd4edfa0a680cba617f9a25b3baf0d?pvs=21),Analyzing: Explore Business Objects,Yes
Build Gold Layer (https://www.notion.so/Build-Gold-Layer-23cd4edfa0a680cba617f9a25b3baf0d?pvs=21),Coding: Data integratrion,Yes
Build Gold Layer (https://www.notion.so/Build-Gold-Layer-23cd4edfa0a680cba617f9a25b3baf0d?pvs=21),Validating: data model integration checks,Yes
Build Gold Layer (https://www.notion.so/Build-Gold-Layer-23cd4edfa0a680cba617f9a25b3baf0d?pvs=21),Document: Draw Data model of star schema (Draw.io),Yes
Build Gold Layer (https://www.notion.so/Build-Gold-Layer-23cd4edfa0a680cba617f9a25b3baf0d?pvs=21),Document: Create Data Catalo,Yes
Build Gold Layer (https://www.notion.so/Build-Gold-Layer-23cd4edfa0a680cba617f9a25b3baf0d?pvs=21),Document: extend Data flow (Draw.io),Yes
Build Gold Layer (https://www.notion.so/Build-Gold-Layer-23cd4edfa0a680cba617f9a25b3baf0d?pvs=21),Commit Code in GIT repo,Yes